{
  "entity.zombie.ambient": {
    "replace": true,
    "sounds": [
      "entity/zombie/ambient1",
      "entity/zombie/ambient2",
      "entity/zombie/ambient3"
    ]
  },
  "entity.zombie.hurt": {
    "replace": true,
    "sounds": [
      "entity/zombie/hurt1"
    ]
  },
  "entity.zombie.death": {
    "replace": true,
    "sounds": [
      "entity/zombie/death1"
    ]
  },
  "entity.pig.ambient": {
    "replace": true,
    "sounds": [
      "entity/pig/ambient1",
      "entity/pig/ambient2"
    ]
  },
  "entity.creeper.primed": {
    "replace": true,
    "sounds": [
      "entity/creeper/primed1"
    ]
  },
  "entity.generic.explode": {
    "replace": true,
    "sounds": [
      "entity/creeper/explode1"
    ]
  },
  "entity.villager.ambient": {
    "replace": true,
    "sounds": [
      "entity/villager/ambient1",
      "entity/villager/ambient2"
    ]
  },
  "entity.villager.hurt": {
    "replace": true,
    "sounds": [
      "entity/villager/hurt1"
    ]
  },
  "entity.villager.no": {
    "replace": true,
    "sounds": [
      "entity/villager/no1"
    ]
  },
  "entity.pillager.ambient": {
    "replace": true,
    "sounds": [
      "entity/pillager/ambient1",
      "entity/pillager/ambient2"
    ]
  },
  "entity.pillager.celebrate": {
    "replace": true,
    "sounds": [
      "entity/pillager/celebrate1"
    ]
  },
  "entity.iron_golem.attack": {
    "replace": true,
    "sounds": [
      "entity/iron_golem/attack1"
    ]
  },
  "entity.iron_golem.death": {
    "replace": true,
    "sounds": [
      "entity/iron_golem/death1"
    ]
  },
  "entity.horse.saddle": {
    "replace": true,
    "sounds": [
      "entity/horse/saddle1"
    ]
  },
  "entity.horse.angry": {
    "replace": true,
    "sounds": [
      "entity/horse/angry1"
    ]
  },
  "entity.horse.death": {
    "replace": true,
    "sounds": [
      "entity/horse/death1"
    ]
  },
  "entity.cat.meow": {
    "replace": true,
    "sounds": [
      "entity/cat/meow1"
    ]
  },
  "entity.cow.ambient": {
    "replace": true,
    "sounds": [
      "entity/cow/ambient1",
      "entity/cow/ambient2"
    ]
  },
  "entity.sheep.ambient": {
    "replace": true,
    "sounds": [
      "entity/sheep/ambient1",
      "entity/sheep/ambient2"
    ]
  },
  "entity.sheep.death": {
    "replace": true,
    "sounds": [
      "entity/sheep/death1"
    ]
  },
  "entity.piglin.ambient": {
    "replace": true,
    "sounds": [
      "entity/piglin/ambient1"
    ]
  },
  "entity.piglin.angry": {
    "replace": true,
    "sounds": [
      "entity/piglin/angry1"
    ]
  },
  "entity.piglin.admiring_item": {
    "replace": true,
    "sounds": [
      "entity/piglin/admiring_item1"
    ]
  },
  "entity.squid.ambient": {
    "replace": true,
    "sounds": [
      "entity/squid/ambient1"
    ]
  }
}